0,0.1
1,0.11904761904761905
2,-0.2
3,0.0
4,0.0
5,0.11904761904761905
6,-0.20000000000000004
7,0.0
8,0.0
9,0.0
10,0.0
11,0.15625
12,0.5
13,0.0
14,0.0
15,0.0
16,0.0
17,0.30000000000000004
18,0.1
19,-0.08333333333333333
20,0.8
21,0.0
22,0.0
23,0.8
24,0.1
25,0.1
26,0.0
27,0.0
28,0.11904761904761905
29,0.0
30,0.30000000000000004
31,0.8
32,0.5
33,0.0
34,0.0
35,0.0
36,-0.3
37,-0.3
38,-0.16666666666666666
39,-0.3
40,-0.3
41,-0.16666666666666666
42,0.0
43,0.0
44,0.0
45,-0.2333333333333333
46,0.8
47,0.0
48,0.0
49,0.0
50,0.06818181818181818
51,0.0
52,0.8
53,0.8
54,0.8
55,-0.2
56,0.0
57,0.0
58,0.11904761904761905
59,0.5
60,0.8
61,0.0
62,0.0
63,-0.125
64,-0.2
65,-0.3
66,-0.3
67,-0.3
68,0.0
69,0.0
70,0.11904761904761905
71,-0.16666666666666666
72,0.0
73,0.8
74,0.0
75,0.8
76,0.0
77,0.0
78,0.1
79,0.3565656565656566
80,0.0
81,0.0
82,0.11904761904761905
83,0.5
84,-0.025
85,0.0
86,0.11904761904761905
87,-0.16666666666666666
88,0.8
89,0.0
90,0.11904761904761905
91,0.0
92,0.0
93,0.30000000000000004
94,0.35
95,0.0
96,-0.2
97,-0.2
98,0.0
99,-0.3
100,0.0
101,0.13766233766233765
102,0.55
103,0.35
104,0.6333333333333333
105,0.6333333333333333
106,0.6333333333333333
107,0.6333333333333333
108,0.0
109,0.1
110,0.0
111,0.11904761904761905
112,0.8
113,0.2333333333333333
114,0.0
115,0.0
116,-0.3
117,0.0
118,-0.1
119,0.5
120,0.0
121,1.0
122,0.6333333333333333
123,-0.08333333333333333
124,0.0
125,0.11904761904761905
126,0.0
127,0.0
128,-0.2
129,-0.3
130,-0.1
131,-0.3
132,0.0
133,-0.3
134,-0.3
135,0.6333333333333333
136,0.1
137,0.8
138,-0.2
139,-0.3
140,0.8
141,0.6333333333333333
142,0.0
143,-0.08333333333333333
144,-0.08333333333333333
145,0.0
146,-0.2333333333333333
147,0.0
148,0.0
149,0.0
150,-0.07142857142857142
151,0.18333333333333326
152,-0.3
153,0.13766233766233765
154,0.21428571428571427
155,0.13766233766233765
156,0.0
157,0.0
158,0.6
159,-0.07142857142857142
160,0.2
161,0.16
162,0.0
163,0.16
164,-0.3888888888888889
165,-0.3
166,0.15000000000000002
167,0.35
168,-0.125
169,0.0
170,0.0
171,0.15000000000000002
172,0.0
173,0.10714285714285714
174,0.25
175,0.0
176,0.0
177,0.21428571428571427
178,0.8
179,0.0
180,-0.2333333333333333
181,-0.2
182,0.0
183,0.0
184,-0.2
185,0.8
186,0.0
187,0.0
188,0.29464285714285715
189,0.0
190,0.0
191,0.8
192,0.25
193,0.8
194,0.5
195,0.0
196,0.3166666666666667
197,-0.3
198,0.0
199,0.8
200,0.13766233766233765
201,0.0
202,0.21428571428571427
203,0.25
204,-0.3
205,0.0
206,0.8
207,0.0
208,0.3666666666666667
209,0.8
210,0.30000000000000004
211,0.25
212,0.35
213,0.8
214,0.0
215,0.0
216,0.16
217,0.0
218,0.16
219,0.6
220,0.0
221,0.0
222,-0.3
223,0.8
224,0.0
225,0.0
226,-0.3
227,0.0
228,0.06818181818181818
229,0.0
230,0.0
231,0.0
232,0.0
233,0.21428571428571427
234,0.1
235,0.4642857142857143
236,0.0
237,0.0
238,0.10714285714285714
239,-0.06190476190476193
240,0.8
241,0.8
242,0.2
243,-0.08333333333333333
244,-0.3
245,0.0
246,0.8
247,-0.3
248,0.30000000000000004
249,0.4
250,0.125
251,0.0
252,-0.3
253,0.55
254,-0.125
255,0.30000000000000004
256,0.06818181818181818
257,0.25
258,0.30000000000000004
259,0.0
260,0.25
261,0.0
262,0.8
263,0.4
264,0.0
265,0.0
266,-0.3
267,-0.3
268,0.8
269,0.0
270,0.0
271,0.0
272,0.8
273,0.30000000000000004
274,-0.06190476190476193
275,0.0
276,0.8
277,-0.3
278,0.0
279,0.0
280,-0.025
281,0.3333333333333333
282,0.4
283,0.0
284,0.0
285,0.0
286,0.0
287,0.0
288,0.0
289,0.023809523809523808
290,0.35
291,0.0
292,0.0
293,0.2
294,0.35
295,0.8
296,-0.3
297,-0.6
298,0.0
299,0.0
300,0.8
301,0.8
302,0.0
303,0.0
304,0.0
305,-0.06190476190476193
306,-0.3
307,0.0
308,0.125
309,0.0
310,0.1
311,0.0
312,0.0
313,0.15000000000000002
314,0.10714285714285714
315,0.0
316,0.11904761904761905
317,-0.06190476190476193
318,0.0
319,-0.1
320,0.0
321,0.0
322,0.0
323,0.05
324,0.0
325,0.0
326,0.0
327,0.0
328,0.8
329,0.0
330,0.0
331,-0.1
332,-0.3
333,0.125
334,-0.3
335,0.13636363636363635
336,0.8
337,0.16666666666666666
338,-0.3
339,0.8
340,0.0
341,-0.3
342,-0.3888888888888889
343,0.8
344,-0.3
345,0.0
346,0.0
347,0.0
348,-0.3
349,0.35
350,-0.3
351,0.05
352,0.0
353,0.0
354,0.0
355,0.0
356,0.35
357,0.0
358,0.0
359,0.0
360,0.0
361,-0.3
362,0.0
363,-0.3
364,-0.3
365,0.0
366,0.35
367,0.0
368,0.55
369,0.55
370,0.0
371,0.13766233766233765
372,-0.125
373,-0.2
374,0.13766233766233765
375,0.0
376,0.3333333333333333
377,0.0
378,0.0
379,0.0
380,-0.3
381,0.0
382,0.4
383,0.4
384,-0.025
385,-0.025
386,0.25
387,0.0
388,0.8
389,0.0
390,-0.025
391,-0.3
392,0.0
393,0.5
394,-0.16666666666666666
395,0.0
396,-0.3
397,0.8
398,0.21428571428571427
399,0.13766233766233765
400,0.8
401,0.8
402,0.0
403,0.8
404,0.8
405,0.0
406,-0.5
407,0.04545454545454545
408,0.0
409,0.11904761904761905
410,-0.3
411,-0.3
412,0.0
413,0.0
414,-0.025
415,0.0
416,0.0
417,-0.16666666666666666
418,0.8
419,0.8
420,0.5
421,0.5
422,0.0
423,0.5
424,0.1
425,-0.3
426,-0.08333333333333333
427,0.1
428,0.0
429,0.0
430,-0.3
431,0.8
432,0.55
433,0.04999999999999999
434,0.0
435,0.375
436,-0.08333333333333333
437,-0.08333333333333333
438,0.0
439,0.0
440,0.11904761904761905
441,0.0
442,0.30000000000000004
443,0.0
444,0.0
445,0.0
446,0.0
447,0.0
448,0.0
449,0.0
450,-0.16666666666666666
451,0.0
452,0.3565656565656566
453,0.35
454,-0.16666666666666666
455,-0.06190476190476193
456,0.13636363636363635
457,0.8
458,0.2333333333333333
459,0.0
460,0.0
461,-0.3
462,0.0
463,-0.06190476190476193
464,0.0
465,-0.3
466,0.0
467,0.0
468,-0.3
469,0.0
470,0.8
471,-0.6
472,-0.125
473,0.0
474,0.8
475,-0.2333333333333333
476,0.0
477,0.0
478,0.0
479,-0.125
480,-0.3
481,0.0
482,0.4166666666666667
483,0.30000000000000004
484,-0.06190476190476193
485,0.0
486,0.4
487,0.30000000000000004
488,0.4
489,0.5
490,0.0
491,0.13766233766233765
492,0.1
493,0.0
494,-0.2333333333333333
495,-0.2333333333333333
496,-0.2333333333333333
497,-0.3
498,0.0
499,0.25
500,0.0
501,0.3333333333333333
502,0.8
503,0.8
504,0.13636363636363635
505,0.0
506,0.0
507,0.26666666666666666
508,0.1
509,-0.3
510,0.0
511,0.13766233766233765
512,0.8
513,0.0
514,0.43333333333333335
515,0.43333333333333335
516,0.43333333333333335
517,-0.025
518,-0.3
519,0.0
520,0.11904761904761905
521,0.0
522,-0.3
523,0.0
524,-0.3
525,0.0
526,-0.125
527,0.0
528,0.0
529,0.8
530,0.8
531,0.55
532,0.0
533,0.30000000000000004
534,0.17532467532467533
535,0.29464285714285715
536,0.0
537,0.30000000000000004
538,-0.3
539,0.0
540,0.0
541,-0.3
542,0.0
543,0.55
544,0.0
545,-0.06190476190476193
546,0.0
547,-0.3
548,0.2857142857142857
549,0.0
550,0.0
551,0.0
552,0.8
553,0.30000000000000004
554,-0.3
555,-0.022222222222222216
556,0.30000000000000004
557,0.30000000000000004
558,0.8
559,0.0
560,0.0
561,0.5
562,0.0
563,0.0
564,-0.3
565,0.0
566,0.0
567,0.0
568,0.2857142857142857
569,0.30000000000000004
570,0.0
571,0.0
572,0.0
573,0.0
574,0.0
575,0.30000000000000004
576,0.5
577,0.30000000000000004
578,0.1
579,0.0
580,-0.3
581,0.0
582,0.4
583,0.30000000000000004
584,0.13766233766233765
585,0.0
586,0.5
587,0.0
588,-0.3
589,0.0
590,-0.16666666666666666
591,-0.125
592,0.8
593,0.55
594,0.55
595,0.21428571428571427
596,-0.3
597,-0.033333333333333326
598,0.8
599,-0.3
600,0.13766233766233765
601,0.0
602,0.8
603,0.6
604,0.15000000000000002
605,0.0
606,-0.3
607,0.0
608,0.0
609,0.06818181818181818
610,0.6
611,0.14545454545454542
612,0.55
613,0.55
614,0.55
615,-0.3
616,0.0
617,0.0
618,0.30000000000000004
619,0.0
620,0.0
621,0.0
622,0.0
623,0.0
624,0.0
625,0.0
626,0.0
627,0.4
628,0.35
629,-0.125
630,0.0
631,0.1
632,0.13636363636363635
633,0.8
634,0.3333333333333333
635,0.13766233766233765
636,0.0
637,0.0
638,0.0
639,0.13766233766233765
640,0.13253968253968254
641,0.35
642,0.0
643,0.35
644,0.1
645,0.8
646,0.0
647,0.3333333333333333
648,0.0
649,0.3333333333333333
650,0.8
651,0.0
652,0.0
653,0.30000000000000004
654,0.8
655,0.2
656,0.0
657,-0.2
658,0.13766233766233765
659,0.0
660,0.13636363636363635
661,0.375
662,0.0
663,0.0
664,0.0
665,0.1
666,0.11904761904761905
667,-0.3
668,-0.3
669,0.35
670,0.35
671,0.0
672,0.35
673,-0.3
674,0.0
675,0.35
676,0.0
677,0.0
678,0.0
679,0.0
680,0.13636363636363635
681,0.8
682,0.0
683,0.21428571428571427
684,0.0
685,0.15
686,0.8
687,0.125
688,-0.125
689,0.17532467532467533
690,0.4642857142857143
691,0.29464285714285715
692,-0.3
693,-0.06190476190476193
694,0.275
695,-0.06190476190476193
696,0.2500000000000001
697,0.13636363636363635
698,0.0
699,0.2500000000000001
700,0.0
701,0.8
702,0.13636363636363635
703,0.13636363636363635
704,-0.3
705,0.13766233766233765
706,0.0
707,0.0
708,-0.125
709,0.0
710,-0.3
711,-0.125
712,0.0
713,0.4
714,-0.3
715,-0.125
716,0.06818181818181818
717,0.2
718,0.13766233766233765
719,-0.3
720,0.0
721,0.0
722,0.0
723,0.0
724,0.6
725,-0.3
726,-0.06190476190476193
727,-0.16666666666666666
728,-0.3
729,0.0
730,0.0
731,0.275
732,-0.3
733,0.8
734,0.0
735,0.30000000000000004
736,-0.3
737,0.16
738,0.8
739,0.0
740,-0.06190476190476193
741,0.35
742,0.30000000000000004
743,0.35
744,-0.125
745,0.8
746,0.30000000000000004
747,0.0
748,0.0
749,0.30000000000000004
750,0.0
751,0.8
752,0.5
753,0.0
754,0.13766233766233765
755,0.0
756,0.35
757,0.0
758,0.25
759,0.0
760,0.0
761,0.13766233766233765
762,0.0
763,0.30000000000000004
764,0.0
765,0.8
766,0.0
767,0.0
768,0.0
769,0.0
770,0.0
771,0.8
772,-0.3
773,0.0
774,0.0
775,0.65
776,0.0
777,0.8
778,0.5
779,0.0
780,0.6
781,0.8
782,0.0
783,0.5
784,0.5
785,0.0
786,0.0
787,0.0
788,0.0
789,0.11904761904761905
790,0.0
791,-0.125
792,0.5
793,0.5
794,0.8
795,0.4
796,0.8
797,0.0
798,0.075
799,0.0
800,-0.125
801,-0.3
802,0.0
803,0.5
804,0.0
805,0.0
806,0.11904761904761905
807,0.0
808,0.0
809,0.0
810,0.11904761904761905
811,0.0
812,0.10714285714285714
813,0.0
814,0.11904761904761905
815,0.10714285714285714
816,0.0
817,0.11904761904761905
818,0.0
819,0.5
820,0.10714285714285714
821,0.0
822,0.11904761904761905
823,0.0
824,0.11904761904761905
825,0.8
826,0.13766233766233765
827,0.0
828,-0.3
829,0.30000000000000004
830,0.0
831,-0.125
832,0.0
833,0.0
834,0.11904761904761905
835,0.1
836,-0.125
837,0.0
838,0.11904761904761905
839,-0.125
840,0.5
841,-0.3
842,0.5
843,0.5
844,0.5
845,0.5
846,0.0
847,0.8
848,0.0
849,-0.125
850,0.0
851,0.0
852,0.11904761904761905
853,0.0
854,0.0
855,0.0
856,0.11904761904761905
857,0.0
858,0.0
859,0.11904761904761905
860,0.0
861,0.35
862,0.0
863,0.0
864,0.0
865,0.29464285714285715
866,0.02499999999999997
867,0.02499999999999997
868,0.0
869,0.8
870,0.35
871,0.30000000000000004
872,-0.06190476190476193
873,0.0
874,-0.1
875,-0.25
876,0.8
877,0.0
878,0.35
879,0.0
880,-0.125
881,-0.125
882,0.0
883,0.0
884,-0.125
885,0.0
886,0.0
887,0.6
888,0.0
889,0.0
890,0.11904761904761905
891,0.0
892,-0.125
893,-0.125
894,-0.125
895,0.0
896,-0.125
897,0.0
898,0.0
899,0.0
900,-0.125
901,0.0
902,0.13636363636363635
903,0.0
904,-0.125
905,-0.125
906,0.0
907,0.4
908,0.0
909,0.0
910,-0.125
911,0.30000000000000004
912,-0.125
913,-0.125
914,0.0
915,-0.125
916,0.0
917,0.8
918,-0.125
919,-0.125
920,-0.125
921,0.0
922,-0.125
923,0.2857142857142857
924,1.0
925,0.35
926,0.2857142857142857
927,-0.125
928,-0.125
929,-0.125
930,-0.125
931,0.0
932,-0.125
933,-0.125
934,0.0
935,0.275
936,-0.125
937,0.0
938,-0.125
939,-0.125
940,-0.125
941,-0.125
942,-0.125
943,-0.125
944,0.0
945,-0.125
946,0.0
947,-0.125
948,0.0
949,-0.125
950,-0.125
951,-0.125
952,0.0
953,-0.125
954,0.25
955,-0.3
956,-0.125
957,-0.3
958,-0.125
959,-0.125
960,0.0
961,-0.125
962,0.0
963,-0.125
964,0.13766233766233765
965,-0.125
966,-0.125
967,-0.125
968,0.0
969,0.55
970,-0.125
971,0.13766233766233765
972,0.0
973,0.0
974,0.0
975,0.0
976,0.0
977,-0.3
978,0.0
979,0.0
980,0.0
981,0.8
982,0.0
983,0.0
984,0.0
985,0.0
986,0.0
987,0.8
988,0.8
989,0.35
990,0.5
991,0.13766233766233765
992,0.0
993,0.0
994,0.35
995,0.15
996,0.0
997,0.0
998,0.0
999,0.0
1000,0.0
1001,0.0
1002,0.0
1003,0.8
1004,0.8
1005,0.16
1006,0.0
1007,0.8
1008,0.0
1009,0.0
1010,0.0
1011,0.0
1012,-0.06190476190476193
1013,-0.3
1014,0.8
1015,0.0
1016,0.0
1017,0.1
1018,0.0
1019,0.0
1020,0.0
1021,0.1
1022,0.0
1023,-0.3
1024,0.13766233766233765
1025,0.275
1026,0.11904761904761905
1027,0.13766233766233765
1028,0.13766233766233765
1029,0.8
1030,-0.3
1031,0.0
1032,-0.3
1033,0.0
1034,0.25
1035,0.0
1036,0.0
1037,0.13766233766233765
1038,0.4
1039,0.0
1040,0.35000000000000003
1041,0.0
1042,0.0
1043,0.13766233766233765
1044,-0.3
1045,-0.06190476190476193
1046,0.6000000000000001
1047,0.15
1048,0.8
1049,0.13766233766233765
1050,0.0
1051,0.13766233766233765
1052,0.13766233766233765
1053,0.0
1054,0.25
1055,0.0
1056,0.4
1057,0.0
1058,0.4
1059,0.13766233766233765
1060,0.0
1061,0.0
1062,-0.2
1063,0.8
1064,0.0
1065,0.0
1066,0.13766233766233765
1067,0.15
1068,-0.3
1069,0.35
1070,0.13766233766233765
1071,0.0
1072,0.13636363636363635
1073,0.6
1074,0.21428571428571427
1075,0.6
1076,0.13636363636363635
1077,0.5
1078,0.17532467532467533
1079,0.0
1080,0.13766233766233765
1081,0.13766233766233765
1082,0.0
1083,-0.16666666666666666
1084,0.25
1085,0.0
1086,0.0
1087,-0.3
1088,0.13766233766233765
1089,0.0
1090,0.0
1091,0.0
1092,0.0
1093,0.0
1094,-0.4
1095,0.0
1096,0.0
1097,0.0
1098,0.13636363636363635
1099,0.0
1100,0.13766233766233765
1101,0.08214285714285713
1102,0.0
1103,0.26666666666666666
1104,0.0
1105,0.5
1106,0.0
1107,0.13636363636363635
1108,0.0
1109,0.13636363636363635
1110,0.13766233766233765
1111,0.11904761904761905
1112,0.0
1113,0.13636363636363635
1114,-0.16666666666666666
1115,0.13766233766233765
1116,0.8
1117,0.0
1118,0.13766233766233765
1119,0.13766233766233765
1120,-0.08333333333333333
1121,0.6
1122,0.13766233766233765
1123,-0.3
1124,0.13766233766233765
1125,-0.3
1126,0.15000000000000002
1127,0.25
1128,0.55
1129,0.0
1130,0.13766233766233765
1131,0.0
1132,0.13766233766233765
1133,0.0
1134,0.0
1135,0.0
1136,0.0
1137,0.0
1138,0.13766233766233765
1139,-0.3
1140,0.11904761904761905
1141,0.0
1142,0.13766233766233765
1143,0.0
1144,0.0
1145,0.13766233766233765
1146,0.0
1147,0.8
1148,-0.3
1149,0.13766233766233765
1150,0.0
1151,0.13766233766233765
1152,0.0
1153,-0.1
1154,0.15000000000000002
1155,0.8
1156,0.0
1157,0.13766233766233765
1158,-0.4
1159,-0.025
1160,0.0
1161,0.0
1162,0.0
1163,0.16
1164,0.13766233766233765
1165,0.13766233766233765
1166,0.1
1167,0.0
1168,-0.3
1169,-0.3
1170,0.10714285714285714
1171,-0.3
1172,0.0
1173,0.0
1174,0.0
1175,0.0
1176,0.16
1177,0.8
1178,0.0
1179,0.13766233766233765
1180,0.10714285714285714
1181,0.3565656565656566
1182,-0.016666666666666663
1183,0.35
1184,0.13766233766233765
1185,0.16
1186,0.55
1187,0.13766233766233765
1188,0.8
1189,0.0
1190,0.13766233766233765
1191,0.0
1192,0.0
1193,0.0
1194,0.13766233766233765
1195,0.55
1196,0.25
1197,-0.3
1198,0.0
1199,-0.3
1200,-0.3
1201,0.0
1202,0.0
1203,0.13766233766233765
1204,-0.3
1205,0.10714285714285714
1206,0.35
1207,0.0
1208,0.35
1209,0.0
1210,0.13766233766233765
1211,0.85
1212,0.04545454545454545
1213,0.0
1214,0.0
1215,0.0
1216,0.0
1217,0.275
1218,0.0
1219,-0.024999999999999998
1220,0.8
1221,0.0
1222,0.13766233766233765
1223,0.11666666666666665
1224,0.2
1225,0.10714285714285714
1226,0.10714285714285714
1227,0.0
1228,0.15000000000000002
1229,0.13766233766233765
1230,0.8
1231,-0.3
1232,0.0
1233,0.35
1234,0.8
1235,0.35
1236,0.13766233766233765
1237,0.0
1238,0.0
1239,0.13766233766233765
1240,0.4
1241,0.0
1242,0.35
1243,0.8
1244,0.0
1245,0.15
1246,0.0
1247,0.6666666666666666
1248,0.8
1249,0.35
1250,0.0
1251,0.0
1252,-0.06190476190476193
1253,0.0
1254,0.8666666666666667
1255,0.0
1256,0.2
1257,0.6
1258,0.0
1259,0.25
1260,0.13766233766233765
1261,-0.06190476190476193
1262,0.13766233766233765
1263,0.0
1264,0.13766233766233765
1265,0.13636363636363635
1266,0.0
1267,0.275
1268,0.4642857142857143
1269,0.011111111111111118
1270,0.13766233766233765
1271,0.35
1272,0.0
1273,0.0
1274,0.3565656565656566
1275,0.0
1276,0.1990909090909091
1277,-0.06190476190476193
1278,0.13636363636363635
1279,0.0
1280,0.0
1281,0.0
1282,0.032467532467532464
1283,-0.3
1284,0.13766233766233765
1285,0.3565656565656566
1286,-0.4
1287,0.1
1288,0.13766233766233765
1289,0.8
1290,0.35
1291,-0.06190476190476193
1292,0.0
1293,0.35
1294,-0.3
1295,0.0
1296,0.1
1297,0.29464285714285715
1298,0.8
1299,0.6
1300,-0.3
1301,0.8
1302,0.13766233766233765
1303,0.13766233766233765
1304,0.3565656565656566
1305,0.0
1306,0.8
1307,-0.3
1308,0.0
1309,0.6
1310,0.0
1311,0.13766233766233765
1312,0.0
1313,-0.06190476190476193
1314,0.0
1315,0.0
1316,0.0
1317,0.1
1318,0.0
1319,0.13636363636363635
1320,0.13766233766233765
1321,0.0
1322,0.0
1323,-0.06190476190476193
1324,-0.3
1325,0.0
1326,-0.3
1327,0.0
1328,0.13766233766233765
1329,0.13766233766233765
1330,0.0
1331,0.0
1332,-0.06190476190476193
1333,0.0
1334,0.0
1335,0.0
1336,0.13766233766233765
1337,0.0
1338,0.13766233766233765
1339,0.15000000000000002
1340,0.15
1341,0.7
1342,0.0
1343,0.0
1344,0.0
1345,0.0
1346,0.0
1347,0.1
1348,0.1
1349,0.0
1350,0.1
1351,0.13766233766233765
1352,0.0
1353,0.35
1354,0.1
1355,0.13766233766233765
1356,0.0
1357,0.0
1358,0.0
1359,0.0
1360,0.0
1361,0.35
1362,0.24318181818181814
1363,0.0
1364,0.0
1365,0.3454545454545454
1366,0.0
1367,0.275
1368,0.0
1369,0.0
1370,0.0
1371,0.0
1372,0.0
1373,0.13766233766233765
1374,0.35
1375,0.0
1376,0.13766233766233765
1377,0.0
1378,0.0
1379,0.8
1380,0.0
1381,-0.3
1382,0.8
1383,0.0
1384,-0.3
1385,0.0
1386,-0.3
1387,0.25
1388,0.4
1389,0.0
1390,0.0
1391,0.0
1392,0.0
1393,-0.06190476190476193
1394,0.0
1395,0.0
1396,0.0
1397,0.0
1398,-0.20000000000000004
1399,0.0
1400,0.5
1401,-0.08333333333333333
1402,0.0
1403,0.0
1404,0.0
1405,0.0
1406,0.13766233766233765
1407,0.0
1408,0.0
1409,0.0
1410,-0.06190476190476193
1411,-0.06190476190476193
1412,0.0
1413,0.0
1414,0.13766233766233765
1415,0.13766233766233765
1416,0.2
1417,-0.3
1418,0.0
1419,0.0
1420,0.0
1421,-0.06190476190476193
1422,0.0
1423,0.25
1424,0.15555555555555556
1425,0.0
1426,0.0
1427,0.8
1428,0.35
1429,-0.2
1430,0.0
1431,0.0
1432,0.0
1433,0.13766233766233765
1434,0.13766233766233765
1435,0.13766233766233765
1436,0.4000000000000001
1437,0.0
1438,0.0
1439,-0.2
1440,0.0
1441,0.0
1442,0.0
1443,0.4642857142857143
1444,0.0
1445,0.11904761904761905
1446,0.0
1447,0.25
1448,0.0
1449,0.0
1450,0.13766233766233765
1451,-0.06190476190476193
1452,0.0
1453,-0.3
1454,0.0
1455,0.032467532467532464
1456,0.0
1457,0.35
1458,0.0
1459,0.0
1460,-0.3
1461,0.35
1462,0.0
1463,0.8
1464,0.0
1465,-0.3
1466,0.85
1467,-0.3
1468,0.13766233766233765
1469,0.0
1470,0.0
1471,0.13766233766233765
1472,0.0
1473,0.0
1474,0.17532467532467533
1475,0.1
1476,0.0
1477,0.0
1478,0.35
1479,-0.06190476190476193
1480,0.0
1481,0.0
1482,0.35
1483,-0.3
1484,-0.3
1485,0.0
1486,0.35
1487,0.1
1488,-0.3
1489,-0.3
1490,0.0
1491,0.0
1492,0.85
1493,0.17532467532467533
1494,0.0
1495,0.275
1496,-0.06190476190476193
1497,0.8
1498,-0.06190476190476193
1499,-0.06190476190476193
1500,0.13766233766233765
1501,0.13766233766233765
1502,0.0
1503,0.0
1504,0.35
1505,-0.3
1506,0.1
1507,0.25
1508,-0.3
1509,-0.3
1510,0.1
1511,-0.06190476190476193
1512,0.25
1513,0.2
1514,0.0
1515,0.35
1516,0.0
1517,0.4
1518,0.0
1519,-0.3
1520,0.5
1521,0.8
1522,0.0
1523,0.0
1524,0.0
1525,0.0
1526,-0.3
1527,0.35
1528,0.0
1529,0.35
1530,0.0
1531,0.0
1532,0.1
1533,0.0
1534,0.1
1535,0.1
1536,0.4
1537,0.0
1538,0.05
1539,-0.06190476190476193
1540,0.0
1541,0.0
1542,-0.010101010101010102
1543,0.13766233766233765
1544,0.15
1545,0.0
1546,0.0
1547,-0.06190476190476193
1548,0.35
1549,0.0
1550,0.0
1551,0.0
1552,0.13766233766233765
1553,0.35
1554,0.35
1555,0.11904761904761905
1556,0.0
1557,0.0
1558,-0.06190476190476193
1559,0.0
1560,-0.3
1561,-0.3
1562,0.18750000000000006
1563,0.0
1564,0.13766233766233765
1565,0.0
1566,0.0
1567,0.5
1568,0.0
1569,0.13766233766233765
1570,0.0
1571,0.0
1572,0.16666666666666666
1573,0.15000000000000002
1574,0.0
1575,0.16666666666666666
1576,0.0
1577,0.15000000000000002
1578,0.15000000000000002
1579,0.13766233766233765
1580,-0.3
1581,0.15000000000000002
1582,0.15000000000000002
1583,0.1
1584,0.15000000000000002
1585,0.0
1586,0.8
1587,0.0
1588,-0.06190476190476193
1589,0.0
1590,0.18750000000000006
1591,0.0
1592,0.0
1593,0.15
1594,0.35
1595,0.0
1596,0.35
1597,0.032467532467532464
1598,0.0
1599,-0.06190476190476193
1600,0.13766233766233765
1601,-0.06190476190476193
1602,-0.3
1603,0.0
1604,0.13766233766233765
1605,0.275
1606,0.0
1607,0.45
1608,0.275
1609,0.13766233766233765
1610,0.13766233766233765
1611,0.0
1612,0.3375
1613,0.35
1614,0.0
1615,0.35
1616,0.0
1617,0.5
1618,0.0
1619,0.13766233766233765
1620,-0.06190476190476193
1621,0.0
1622,-0.06190476190476193
1623,0.13766233766233765
1624,-0.3
1625,0.18750000000000006
1626,0.075
1627,0.0
1628,0.15
1629,0.0
1630,0.35
1631,0.0
1632,0.23333333333333334
1633,0.0
1634,0.35
1635,0.0
1636,0.35
1637,0.0
1638,0.35
1639,-0.3
1640,0.15
1641,0.0
1642,0.275
1643,0.13766233766233765
1644,0.15
1645,0.35
1646,0.15
1647,0.275
1648,-0.3
1649,0.275
1650,-0.3
1651,-0.3
1652,0.13766233766233765
1653,0.8
1654,0.0
1655,0.13766233766233765
1656,0.0
1657,0.0
1658,0.0
1659,0.0
1660,0.0
1661,0.0
1662,0.0
1663,0.0
1664,0.13766233766233765
1665,0.25
1666,0.0
1667,-0.06190476190476193
1668,0.0
1669,0.0
1670,0.0
1671,0.0
1672,0.13766233766233765
1673,-0.06190476190476193
1674,0.0
1675,0.0
1676,0.0
1677,-0.06190476190476193
1678,0.0
1679,0.06818181818181818
1680,0.0
1681,-0.06190476190476193
1682,0.25
1683,0.0
1684,0.0625
1685,0.0625
1686,0.4
1687,0.0
1688,0.2
1689,-0.3
1690,-0.3
1691,0.0
1692,0.13766233766233765
1693,0.8
1694,0.0
1695,0.13766233766233765
1696,0.17532467532467533
1697,0.4
1698,0.8
1699,0.8
1700,0.8
1701,0.0
1702,-0.20000000000000004
1703,0.13766233766233765
1704,0.0
1705,0.0
1706,0.13766233766233765
1707,0.0
1708,0.0
1709,0.13766233766233765
1710,0.8
1711,-0.08333333333333333
1712,0.11904761904761905
1713,0.0
1714,-0.3
1715,0.13766233766233765
1716,0.5
1717,0.032467532467532464
1718,0.0
1719,0.4642857142857143
1720,0.0
1721,-0.06190476190476193
1722,0.0
1723,0.0
1724,0.0
1725,0.13766233766233765
1726,-0.06190476190476193
1727,-0.06190476190476193
1728,0.0
1729,0.0
1730,0.0
1731,0.0
1732,0.0
1733,0.13766233766233765
1734,0.0
1735,0.0
1736,-0.06190476190476193
1737,-0.3
1738,-0.13333333333333333
1739,-0.12121212121212123
1740,-0.3
1741,0.25
1742,0.06818181818181818
1743,0.13766233766233765
1744,0.8
1745,0.13766233766233765
1746,-0.06190476190476193
1747,0.0
1748,0.0
1749,-0.06190476190476193
1750,-0.06190476190476193
1751,0.0
1752,0.0
1753,0.06818181818181818
1754,0.13766233766233765
1755,0.12
1756,0.0
1757,0.8
1758,0.0
1759,0.13766233766233765
1760,0.0
1761,0.13766233766233765
1762,0.0
1763,-0.3
1764,0.0
1765,0.1
1766,0.0
1767,0.0
1768,0.0
1769,0.0
1770,-0.06190476190476193
1771,0.0
1772,0.25
1773,0.033333333333333326
1774,0.0
1775,0.0
1776,-0.3
1777,0.0
1778,-0.06190476190476193
1779,0.0
1780,0.0
1781,0.13766233766233765
1782,0.0
1783,0.13766233766233765
1784,0.1
1785,-0.06190476190476193
1786,0.0
1787,0.0
1788,0.0
1789,0.4642857142857143
1790,0.13766233766233765
1791,0.8
1792,0.4642857142857143
1793,0.12
1794,0.8
1795,0.0
1796,0.0
1797,0.0
1798,0.0
1799,1.0
1800,0.0
1801,0.13766233766233765
1802,-0.16666666666666666
1803,0.13766233766233765
1804,0.0
1805,0.13766233766233765
1806,0.0
1807,0.0
1808,0.8
1809,0.13766233766233765
1810,-0.05
1811,0.0
1812,0.13766233766233765
1813,0.025
1814,-0.20000000000000004
1815,0.0
1816,0.0
1817,0.1
1818,0.13766233766233765
1819,0.0
1820,0.0
1821,0.0
1822,0.8
1823,0.0
1824,0.25
1825,0.0
1826,0.0
1827,0.0
1828,0.13766233766233765
1829,0.0
1830,0.0
1831,0.1
1832,0.0
1833,0.0
1834,0.0
1835,0.13766233766233765
1836,-0.3
1837,0.13766233766233765
1838,0.0
1839,0.0
1840,0.0
1841,0.125
1842,0.0
1843,0.13766233766233765
1844,0.13766233766233765
1845,0.13766233766233765
1846,1.0
1847,0.5
1848,0.0
1849,0.125
1850,0.0
1851,0.025
1852,0.8
1853,0.0
1854,0.13766233766233765
1855,0.13766233766233765
1856,0.5
1857,0.13766233766233765
1858,0.13766233766233765
1859,0.13766233766233765
1860,-0.3
1861,0.13766233766233765
1862,0.0
1863,1.0
1864,0.13766233766233765
1865,0.0
1866,0.8
1867,0.8
1868,0.0
1869,0.0
1870,0.0
1871,0.1
1872,0.2
1873,0.0
1874,0.2
1875,0.0
1876,0.0
1877,0.0
1878,0.3333333333333333
1879,0.0
1880,0.0
1881,0.65
1882,0.8
1883,0.13766233766233765
1884,0.13766233766233765
1885,0.8
1886,0.0
1887,0.4
1888,0.0
1889,0.13766233766233765
1890,0.13766233766233765
1891,0.0
1892,-0.06190476190476193
1893,0.0
1894,1.0
1895,0.0
1896,0.13766233766233765
1897,-0.125
1898,0.0
1899,0.0
1900,0.0
1901,0.0
1902,0.1
1903,0.11904761904761905
1904,-0.1
1905,0.0
1906,0.0
1907,0.0
1908,0.0
1909,0.0
1910,0.0
1911,0.0
1912,0.0
1913,0.0
1914,0.13766233766233765
1915,0.0
1916,0.0
1917,0.0
1918,0.1
1919,0.13766233766233765
1920,0.13766233766233765
1921,0.0
1922,0.1
1923,0.0
1924,0.13766233766233765
1925,0.0
1926,0.0
1927,0.13766233766233765
1928,0.0
1929,-0.06190476190476193
1930,-0.06190476190476193
1931,0.0
1932,-0.06190476190476193
1933,0.13766233766233765
1934,0.0
1935,0.0
1936,0.13766233766233765
1937,0.0
1938,0.0
1939,-0.125
1940,-0.20000000000000004
1941,0.0
1942,-0.4
1943,0.13766233766233765
1944,0.13636363636363635
1945,-0.06190476190476193
1946,0.13766233766233765
1947,0.6666666666666666
1948,0.13636363636363635
1949,-0.125
1950,-0.20000000000000004
1951,0.0
1952,0.0
1953,0.0
1954,0.13766233766233765
1955,-0.06190476190476193
1956,0.0
1957,0.13766233766233765
1958,0.0
1959,-0.2
1960,0.0
1961,0.25
1962,0.0
1963,0.13766233766233765
1964,-0.06190476190476193
1965,0.25
1966,-0.06190476190476193
1967,0.0
1968,-0.06190476190476193
1969,-0.06190476190476193
1970,1.0
1971,-0.06190476190476193
1972,0.0
1973,0.0
1974,0.4
1975,-0.06190476190476193
1976,-0.3
1977,-0.06190476190476193
1978,0.13766233766233765
1979,-0.06190476190476193
1980,0.6
1981,-0.06190476190476193
1982,0.0
1983,-0.06190476190476193
1984,0.1
1985,-0.06190476190476193
1986,-0.06190476190476193
1987,0.0
1988,0.11904761904761905
1989,-0.06190476190476193
1990,-0.06190476190476193
1991,-0.06190476190476193
1992,0.13766233766233765
1993,0.0
1994,0.0
1995,0.0
1996,0.11904761904761905
1997,0.0
1998,0.0
1999,0.5
2000,0.0
2001,0.0
2002,0.13766233766233765
2003,-0.2
2004,0.0
2005,0.0
2006,-0.25
2007,0.0
2008,-0.125
2009,0.6
2010,0.0
2011,0.0
2012,0.45
2013,0.0
2014,0.0
2015,-0.2
2016,0.0
2017,0.13766233766233765
2018,0.13766233766233765
2019,0.8
2020,0.8
2021,0.0
2022,0.13766233766233765
2023,0.1
2024,0.0
2025,0.0
2026,0.0
2027,0.3
2028,0.0
2029,0.0
2030,0.3
2031,0.0
2032,0.1
2033,0.5
2034,0.1
2035,0.325
2036,0.0
2037,0.8
2038,0.0
2039,0.0
2040,0.0
2041,0.8
2042,0.0
2043,0.13766233766233765
2044,0.4166666666666667
2045,0.1
2046,0.1
2047,0.1
2048,0.0
2049,0.0
2050,0.0
2051,0.0
2052,0.0
2053,0.0
2054,0.0
2055,-0.3
2056,0.0
2057,0.0
2058,0.25
2059,0.1
2060,0.1
2061,-0.125
2062,0.13766233766233765
2063,0.13766233766233765
2064,0.0
2065,0.0
2066,0.0
2067,0.0
2068,-0.3
2069,0.0
2070,0.25
2071,0.13766233766233765
2072,-0.20000000000000004
2073,-0.20000000000000004
2074,0.0
2075,0.8
2076,-0.1
2077,0.0
2078,0.0
2079,0.0
2080,0.1
2081,0.0
2082,0.0
2083,0.1
2084,0.13766233766233765
2085,0.0
2086,-0.16666666666666666
2087,0.1
2088,0.0
2089,0.1
2090,0.13766233766233765
2091,0.25
2092,0.0
2093,0.0
2094,-0.20000000000000004
2095,0.0
2096,0.25
2097,0.0
2098,0.0
2099,-0.3083333333333333
2100,0.0
2101,0.5
2102,0.0
2103,0.0
2104,0.13766233766233765
2105,0.0
2106,0.8
2107,0.0
2108,0.1
2109,-0.20000000000000004
2110,0.13766233766233765
2111,0.25
2112,0.6
2113,-0.20000000000000004
2114,-0.20000000000000004
2115,0.25
2116,0.13766233766233765
2117,-0.20000000000000004
2118,0.0
2119,-0.20000000000000004
2120,0.0
2121,0.1
2122,0.0
2123,0.13766233766233765
2124,0.0
2125,0.0
2126,0.2
2127,0.0
2128,0.0
2129,0.13766233766233765
2130,0.0
2131,0.0
2132,0.13766233766233765
2133,0.0
2134,0.0
2135,0.14285714285714288
2136,0.13766233766233765
2137,0.0
2138,0.8
2139,-0.3
2140,0.0
2141,0.13766233766233765
2142,0.0
2143,0.0
2144,0.1
2145,0.0
2146,0.0
2147,0.11904761904761905
2148,0.0
2149,0.0
2150,0.0
2151,0.13766233766233765
2152,-0.3
2153,0.0
2154,0.25
2155,0.8
2156,0.5
2157,0.0
2158,0.0
2159,0.13766233766233765
2160,0.0
2161,0.1
2162,0.1
2163,-0.16666666666666666
2164,0.1
2165,-0.16666666666666666
2166,0.0
2167,0.1
2168,0.0
2169,0.0
2170,0.13766233766233765
2171,0.13766233766233765
2172,0.0
2173,-0.25
2174,0.0
2175,-0.125
2176,0.13766233766233765
2177,0.0
2178,0.0
2179,0.0
2180,0.1
2181,0.5
2182,0.8
2183,0.8
2184,0.13766233766233765
2185,0.1
2186,0.0
2187,0.0
2188,0.13766233766233765
2189,0.8
2190,0.0
2191,0.13766233766233765
2192,0.0
2193,0.13766233766233765
2194,0.13766233766233765
2195,0.0
2196,0.0
2197,0.0
2198,0.13766233766233765
2199,-0.2
2200,0.13766233766233765
2201,0.13766233766233765
2202,0.0
2203,0.0
2204,0.13766233766233765
2205,0.0
2206,-0.1
2207,0.13766233766233765
2208,0.0
2209,0.0
2210,0.0
2211,0.13766233766233765
2212,0.13766233766233765
2213,0.25
2214,0.13766233766233765
2215,0.13766233766233765
2216,0.0
2217,0.2
2218,0.0
2219,0.0
2220,0.13766233766233765
2221,0.1
2222,0.8
2223,0.0
2224,-0.2
2225,0.0
2226,0.13766233766233765
2227,-0.1
2228,0.13766233766233765
2229,0.8
2230,0.13766233766233765
2231,0.13766233766233765
2232,0.0
2233,0.13766233766233765
2234,0.13766233766233765
2235,0.0
2236,0.0
2237,0.13766233766233765
2238,0.0
2239,0.0
2240,0.0
2241,0.0
2242,0.0
2243,0.0
2244,0.0
2245,-0.1
2246,0.0
2247,-0.1
2248,0.13766233766233765
2249,0.8
2250,0.0
2251,-0.125
2252,0.0
2253,0.13766233766233765
2254,-0.1
2255,0.0
2256,0.0
2257,0.0
2258,0.0
2259,0.0
2260,0.0
2261,0.7666666666666666
2262,0.0
2263,0.13766233766233765
2264,0.0
2265,0.13766233766233765
2266,0.7666666666666666
2267,0.13766233766233765
2268,0.13766233766233765
2269,-0.125
2270,0.0
2271,0.0
2272,0.0
2273,0.13766233766233765
2274,0.1
2275,0.0
2276,0.0
2277,0.0
2278,0.0
2279,0.13766233766233765
2280,0.13766233766233765
2281,0.13766233766233765
2282,0.0
2283,-0.2
2284,0.0
2285,-0.3
2286,0.11904761904761905
2287,0.13766233766233765
2288,0.13766233766233765
2289,0.13766233766233765
2290,0.8
2291,0.13766233766233765
2292,0.13766233766233765
2293,0.13766233766233765
2294,0.0
2295,0.13766233766233765
2296,0.8
2297,0.8
2298,0.0
2299,0.0
2300,-0.1
2301,0.13766233766233765
2302,0.0
2303,0.8
2304,0.0
2305,-0.1
2306,0.0
2307,-0.1
2308,0.7
2309,0.0
2310,0.13766233766233765
2311,-0.1
2312,0.0
2313,-0.125
2314,0.0
2315,0.0
2316,0.0
2317,0.0
2318,0.0
2319,-0.125
2320,0.13766233766233765
2321,-0.125
2322,0.1
2323,0.0
2324,0.0
2325,0.0
2326,0.0
2327,0.13766233766233765
2328,0.0
2329,0.0
2330,0.0
2331,0.6
2332,0.0
2333,0.0
2334,0.0
2335,0.0
2336,0.2
2337,0.0
2338,0.0
2339,0.0
2340,0.0
2341,0.0
2342,0.0
2343,0.0
2344,0.0
2345,0.0
2346,0.0
2347,0.13766233766233765
2348,0.13766233766233765
2349,0.1
2350,0.0
2351,0.13766233766233765
2352,0.0
2353,0.0
2354,0.13766233766233765
2355,0.0
2356,0.0
2357,0.0
2358,0.8
2359,0.0
2360,0.8
2361,0.13766233766233765
2362,0.0
2363,0.13766233766233765
2364,0.0
2365,0.0
2366,0.0
2367,0.0
2368,0.13766233766233765
2369,0.0
2370,0.0
2371,-0.1
2372,0.13766233766233765
2373,0.1
2374,0.13766233766233765
2375,0.13766233766233765
2376,0.8
2377,0.13766233766233765
2378,0.0
2379,0.13766233766233765
2380,0.13766233766233765
2381,-0.125
2382,0.0
2383,0.0
2384,0.0
2385,0.13766233766233765
2386,0.13766233766233765
2387,0.13766233766233765
2388,0.0
2389,0.0
2390,0.8
2391,0.1
2392,0.0
2393,0.0
2394,0.0
2395,0.13766233766233765
2396,0.1
2397,0.13766233766233765
2398,0.0
2399,0.8
2400,0.4
2401,0.0
2402,-0.3
2403,0.0
2404,0.0
2405,0.0
2406,0.0
2407,0.0
2408,0.0
2409,0.13636363636363635
2410,0.13766233766233765
2411,0.0
2412,0.0
2413,0.0
2414,0.13766233766233765
2415,0.0
2416,0.0
2417,0.13766233766233765
2418,0.1
2419,0.0
2420,0.13766233766233765
2421,0.0
2422,0.13766233766233765
2423,0.0
2424,0.0
2425,0.0
2426,0.0
2427,0.0
2428,0.0
2429,0.8
2430,0.13766233766233765
2431,0.0
2432,0.0
2433,0.1
2434,0.1
2435,0.0
2436,0.0
2437,0.0
2438,0.0
2439,0.0
2440,0.13766233766233765
2441,0.0
2442,0.13766233766233765
2443,0.0
2444,0.0
2445,-0.2
2446,0.0
2447,0.0
2448,0.0
2449,0.0
2450,0.4
2451,0.0
2452,0.0
2453,0.0
2454,0.0
2455,0.0
2456,0.0
2457,0.0
2458,0.8
2459,0.0
2460,0.8
2461,0.0
2462,0.0
2463,0.0
2464,0.0666666666666667
2465,0.0
2466,0.4
2467,0.4
2468,0.0
2469,0.13766233766233765
2470,0.8
2471,0.35
2472,0.11904761904761905
2473,0.0
2474,0.0
2475,0.4
2476,0.0
2477,0.0
2478,0.0
2479,0.0
2480,0.13766233766233765
2481,0.25
2482,0.0
2483,0.06818181818181818
2484,0.13766233766233765
2485,0.13766233766233765
2486,0.0
2487,0.8
2488,0.16111111111111112
2489,0.13766233766233765
2490,-0.1
2491,0.0
2492,-0.1
2493,0.0
2494,0.13766233766233765
2495,-0.1
2496,0.0
2497,0.13766233766233765
2498,-0.1
2499,0.0
2500,0.16111111111111112
2501,0.0
2502,0.0
2503,0.0
2504,0.6
2505,0.16111111111111112
2506,0.0
2507,0.225
2508,-0.2
2509,0.0
2510,-0.2
2511,-0.3
2512,0.0
2513,0.225
2514,0.0
2515,0.0
2516,-0.1
2517,0.0
2518,0.0
2519,0.0
2520,0.8
2521,0.16111111111111112
2522,0.0
2523,0.0
2524,0.04999999999999999
2525,0.0
2526,0.16111111111111112
2527,0.0
2528,-0.1
2529,0.1
2530,-0.125
2531,0.0
2532,0.0
2533,0.1
2534,0.0
2535,-0.1
2536,0.0
2537,0.16111111111111112
2538,0.0
2539,0.1
2540,-0.18181818181818185
2541,0.25
2542,0.16111111111111112
2543,0.0
2544,0.0
2545,0.13766233766233765
2546,0.0
2547,0.0
2548,0.0
2549,0.13766233766233765
2550,1.0
2551,0.0
2552,0.0
2553,0.13766233766233765
2554,0.0
2555,0.0
2556,-0.16666666666666666
2557,0.13766233766233765
2558,0.0
2559,0.16111111111111112
2560,-0.16666666666666666
2561,0.16111111111111112
2562,0.13766233766233765
2563,0.1
2564,0.0
2565,0.0
2566,0.0
2567,0.13766233766233765
2568,0.0
2569,0.0
2570,0.16111111111111112
2571,0.25
2572,0.16111111111111112
2573,0.0
2574,0.13766233766233765
2575,-0.1
2576,0.0
2577,0.0
2578,0.1
2579,0.0
2580,0.0
2581,0.11904761904761905
2582,0.0
2583,0.0
2584,0.8
2585,0.0
2586,0.0
2587,0.0
2588,0.0
2589,0.0
2590,0.0
2591,0.0
2592,0.0
2593,0.0
2594,0.0
2595,0.15625
2596,0.13766233766233765
2597,-0.2
2598,0.4166666666666667
2599,0.0
2600,0.13766233766233765
2601,0.0
2602,0.0
2603,0.8
2604,0.13766233766233765
2605,0.0
2606,0.0
2607,0.0
2608,0.0
2609,0.13766233766233765
2610,0.8
2611,0.0
2612,0.0
2613,0.0
2614,0.0
2615,0.0
2616,0.13766233766233765
2617,0.0
2618,0.0
2619,0.0
2620,0.0
2621,0.13766233766233765
2622,0.0
2623,0.0
2624,0.375
2625,0.6
2626,0.0
2627,0.0
2628,-0.3
2629,-0.16666666666666666
2630,0.0
2631,-0.3
2632,0.0
2633,0.0
2634,0.0
2635,0.0
2636,0.0
2637,0.13636363636363635
2638,0.0
2639,0.0
2640,0.1
2641,0.0
2642,0.25
2643,0.0
2644,0.0
2645,0.0
2646,0.0
2647,0.0
2648,0.5
2649,0.13766233766233765
2650,0.1
2651,0.0
2652,0.0
2653,0.25
2654,0.5166666666666667
2655,0.13766233766233765
2656,0.0
2657,0.0
2658,0.13766233766233765
2659,-0.1
2660,-0.1
2661,-0.3
2662,0.0
2663,0.13766233766233765
2664,0.0
2665,0.0
2666,0.0
2667,-0.1
2668,0.0
2669,0.0
2670,0.0
2671,0.0
2672,0.0
2673,0.13766233766233765
2674,0.0
2675,0.0
2676,0.0
2677,0.0
2678,0.0
2679,0.0
2680,0.13636363636363635
2681,0.0
2682,-0.5
2683,0.0
2684,0.0
2685,0.0
2686,0.0
2687,0.0
2688,0.13766233766233765
2689,0.0
2690,0.5
2691,0.0
2692,0.0
2693,0.0
2694,0.0
2695,0.0
2696,-0.2
2697,0.0
2698,0.0
2699,0.0
2700,0.0
2701,0.0
2702,0.0
2703,0.0
2704,0.0
2705,-0.1
2706,0.0
2707,-0.1
2708,0.13636363636363635
2709,0.0
2710,0.0
2711,0.0
2712,0.0
2713,0.0
2714,0.0
2715,0.0
2716,0.5
2717,0.0
2718,0.0
2719,0.13766233766233765
2720,0.0
2721,0.1
2722,0.13766233766233765
2723,0.13766233766233765
2724,0.5
2725,0.0
2726,0.0
2727,0.0
2728,0.8
2729,-0.1
2730,0.0
2731,0.0
2732,1.0
2733,0.0
2734,0.0
2735,0.2
2736,-0.1
2737,0.0
2738,0.0
2739,0.0
2740,0.0
2741,0.0
2742,0.25
2743,0.13636363636363635
2744,0.0
2745,0.0
2746,0.5
2747,0.0
2748,0.0
2749,0.0
2750,0.05000000000000001
2751,0.13636363636363635
2752,0.0
2753,0.13766233766233765
2754,0.0
2755,0.13636363636363635
2756,0.0
2757,0.0
2758,0.0
2759,0.0
2760,0.0
2761,0.0
2762,0.13766233766233765
2763,0.13766233766233765
2764,0.0
2765,-0.1
2766,0.0
2767,0.0
2768,0.13766233766233765
2769,0.0
2770,-0.1
2771,0.0
2772,0.0
2773,0.13766233766233765
2774,0.25
2775,0.13766233766233765
2776,0.0
2777,0.0
2778,0.0
2779,0.0
2780,-0.16666666666666666
2781,0.0
2782,0.0
2783,0.0
2784,0.0625
2785,0.0
2786,0.0
2787,0.0
2788,-0.2
2789,0.0
2790,0.0
2791,0.0
2792,0.0
2793,0.0
2794,0.0
2795,0.13766233766233765
2796,0.0
2797,-0.1
2798,0.0
2799,0.13766233766233765
2800,0.0
2801,0.0
2802,-0.1
2803,0.13766233766233765
2804,0.5
2805,0.0
2806,0.13766233766233765
2807,0.0
2808,0.0
2809,0.0
2810,0.13766233766233765
2811,0.0
2812,0.0
2813,0.0
2814,0.13766233766233765
2815,0.0
2816,0.0
2817,0.3166666666666667
2818,0.13766233766233765
2819,0.0
2820,0.0
2821,0.07142857142857142
2822,0.13766233766233765
2823,0.0
2824,0.0
2825,0.0
2826,0.0
2827,0.13766233766233765
2828,0.13766233766233765
2829,0.0
2830,0.0
2831,0.0
2832,0.0
2833,0.0
2834,0.26666666666666666
2835,0.0
2836,0.0
2837,0.0
2838,0.0
2839,0.13766233766233765
2840,0.0
2841,0.0
2842,0.0
2843,0.0
2844,0.0
2845,0.0
2846,0.0
2847,0.0
2848,0.0
2849,0.0
2850,-0.1
2851,0.0
2852,0.0
2853,0.13766233766233765
2854,0.0
2855,0.0
2856,0.13766233766233765
2857,0.0
2858,0.0
2859,-0.1
2860,0.13766233766233765
2861,0.0
2862,0.0
2863,0.6
2864,0.0
2865,0.0
2866,0.0
2867,0.0
2868,0.6
2869,0.0
2870,0.0
2871,0.13766233766233765
2872,0.0
2873,0.0
2874,-0.16666666666666666
2875,0.0
2876,0.13766233766233765
2877,0.0
2878,0.13766233766233765
2879,0.13766233766233765
2880,0.0
2881,0.0
2882,0.05000000000000001
2883,0.0
2884,0.11904761904761905
2885,0.0
2886,0.0
2887,0.0
2888,0.0
2889,0.0
2890,0.0
2891,0.0
2892,0.0
2893,0.05
2894,0.5
2895,-0.2
2896,0.0
2897,0.0
2898,0.0
2899,0.0
2900,0.0
2901,0.0
2902,0.0
2903,0.0
2904,0.13766233766233765
2905,0.0
2906,0.13766233766233765
2907,0.0
2908,0.0
2909,0.0
2910,0.3071428571428572
2911,-0.2
2912,0.13766233766233765
2913,0.0
2914,0.0
2915,0.0
2916,0.0
2917,0.13766233766233765
2918,0.8
2919,0.0
2920,0.25
2921,-0.2
2922,0.0
2923,0.0
2924,0.0
2925,0.13766233766233765
2926,0.11904761904761905
2927,0.0
2928,0.0
2929,0.0
2930,0.0
2931,0.0
2932,0.0
2933,0.0
2934,0.0
2935,-0.2
2936,0.0
2937,0.0
2938,0.13766233766233765
2939,0.0
2940,0.0
2941,0.0
2942,0.0
2943,0.0
2944,0.25
2945,0.0
2946,0.0
2947,0.0
2948,0.3166666666666667
2949,0.0
2950,0.0
2951,-0.2
2952,0.11904761904761905
2953,0.0
2954,0.0
2955,0.13766233766233765
2956,0.8
2957,-0.2
2958,0.0
2959,0.0
2960,0.0
2961,0.1
2962,0.0
2963,0.0
2964,0.13766233766233765
2965,0.0
2966,-0.1
2967,0.0
2968,0.0
2969,0.0
2970,0.0
2971,0.13766233766233765
2972,0.0
2973,0.0
2974,0.0
2975,0.0
2976,0.0
2977,0.0
2978,0.0
2979,0.03125
2980,0.0
2981,0.0
2982,0.0
2983,0.0
2984,0.0
2985,0.0
2986,0.0
2987,0.25
2988,0.0
2989,0.0
2990,0.13766233766233765
2991,0.0
2992,-0.1
2993,0.0
2994,0.4166666666666667
2995,0.0
2996,0.13766233766233765
2997,0.0
2998,0.21428571428571427
2999,0.0
3000,0.0
3001,0.0
3002,0.2
3003,1.0
3004,0.0
3005,0.6
3006,0.25
3007,-0.3
3008,0.13766233766233765
3009,0.13766233766233765
3010,0.0
3011,0.11904761904761905
3012,0.13766233766233765
3013,0.0
3014,0.032467532467532464
3015,0.11904761904761905
3016,0.0
3017,0.0
3018,0.0
3019,0.0
3020,0.0
3021,0.0
3022,0.1
3023,0.13766233766233765
3024,0.0
3025,0.0
3026,0.0
3027,0.0
3028,0.0
3029,-0.13181818181818186
3030,0.13766233766233765
3031,0.0
3032,0.0
3033,0.0
3034,0.0
3035,0.0
3036,0.0
3037,1.0
3038,-0.1
3039,0.0
3040,0.0
3041,0.13766233766233765
3042,0.0
3043,0.0
3044,0.8
3045,0.2
3046,0.0
3047,0.0
3048,-0.1
3049,0.0
3050,0.0
3051,0.13636363636363635
3052,0.0
3053,0.0
3054,0.13766233766233765
3055,0.0
3056,-0.4
3057,0.0
3058,0.1
3059,0.25
3060,0.0
3061,0.0
3062,0.0
3063,0.0
3064,0.13766233766233765
3065,0.13766233766233765
3066,0.0
3067,0.0
3068,-0.1
3069,0.1
3070,0.0
3071,0.0
3072,0.25
3073,0.0
3074,0.0
3075,0.0
3076,-0.1
3077,0.0
3078,-0.3
3079,0.0
3080,0.4
3081,0.4
3082,-0.1
3083,0.375
3084,0.13766233766233765
3085,0.0
3086,0.7
3087,0.0
3088,0.0
3089,0.13766233766233765
3090,0.0
3091,0.0
3092,0.0
3093,0.25
3094,0.0
3095,0.0
3096,0.0
3097,0.8
3098,0.11904761904761905
3099,0.0
3100,0.0
3101,0.25
3102,0.0
3103,0.0
3104,0.0
3105,0.0
3106,0.25
3107,0.0
3108,0.13766233766233765
3109,0.0
3110,0.0
3111,0.0
3112,0.0
3113,0.8
3114,0.13766233766233765
3115,0.0
3116,-0.6
3117,0.0
3118,0.13766233766233765
3119,0.0
3120,0.0
3121,0.0
3122,0.0
3123,0.0
3124,0.0
3125,0.8
3126,0.0
3127,0.0
3128,0.0
3129,0.0
3130,0.0
3131,0.0
3132,0.25
3133,0.0
3134,0.4
3135,-0.025
3136,0.0
3137,0.0
3138,0.8
3139,0.13766233766233765
3140,0.1
3141,0.0
3142,0.0
3143,0.0
3144,0.0
3145,0.0
3146,0.0
3147,0.05000000000000001
3148,0.0
3149,0.0
3150,0.0
3151,0.0
3152,0.0
3153,0.1
3154,0.0
3155,0.0
3156,0.1
3157,0.0
3158,0.0
3159,0.13766233766233765
3160,0.0
3161,0.0
3162,0.0
3163,0.11904761904761905
3164,0.0
3165,-0.06190476190476193
3166,0.25
3167,0.13766233766233765
3168,0.13766233766233765
3169,0.0
3170,0.375
3171,0.11904761904761905
3172,0.11904761904761905
3173,0.11904761904761905
3174,0.13766233766233765
3175,0.11904761904761905
3176,0.0
3177,0.0
3178,0.13766233766233765
3179,0.0
3180,0.1
3181,0.13766233766233765
3182,-0.2
3183,0.0
3184,0.05000000000000001
3185,0.0
3186,0.0
3187,0.0
3188,0.25
3189,0.0
3190,0.13766233766233765
3191,0.13766233766233765
3192,0.0
3193,0.0
3194,0.6
3195,0.8
3196,-0.6
3197,0.0
3198,0.0
3199,0.13766233766233765
3200,0.0
3201,0.13766233766233765
3202,0.0
3203,0.0
3204,0.25
3205,-0.2
3206,0.8
3207,0.0
3208,0.8
3209,0.1
3210,0.4
3211,0.13766233766233765
3212,-0.3
3213,0.4
3214,0.13766233766233765
3215,0.0
3216,0.0
3217,0.13766233766233765
3218,0.13766233766233765
3219,0.0
3220,0.13766233766233765
3221,0.13766233766233765
3222,0.0
3223,-0.1
3224,0.0
3225,0.0
3226,0.0
3227,0.0
3228,0.0
3229,-0.025
3230,-0.025
3231,-0.025
3232,0.7666666666666666
3233,0.0
3234,0.25
3235,-0.3
3236,0.25
3237,0.25
3238,0.13766233766233765
3239,0.0
3240,0.1
3241,0.0
3242,0.0
3243,0.375
3244,0.8
3245,0.25
3246,0.0
3247,-0.08333333333333333
3248,0.0
3249,0.0
3250,0.25
3251,0.5
3252,0.25
3253,0.13766233766233765
3254,0.3181818181818182
3255,-0.025
3256,0.0
3257,0.0
3258,0.0
3259,0.0
3260,0.25
3261,-0.3
3262,0.25
3263,0.0
3264,0.375
3265,0.13766233766233765
3266,0.0
3267,0.13766233766233765
3268,0.375
3269,0.2
3270,0.15
3271,0.0
3272,0.0
3273,0.0
3274,-0.06190476190476193
3275,0.0
3276,0.0
3277,0.0
3278,0.0
3279,0.4028571428571429
3280,0.375
3281,0.375
3282,0.13766233766233765
3283,0.375
3284,0.6666666666666666
3285,0.09666666666666666
3286,0.13766233766233765
3287,0.375
3288,0.0
3289,-0.3
3290,0.375
3291,0.0
3292,0.13766233766233765
3293,0.6
3294,0.0
3295,0.0
3296,0.0
3297,0.8
3298,0.1
3299,0.6666666666666666
3300,0.0
3301,0.0
3302,0.0
3303,-0.1
3304,0.1
3305,0.0
3306,0.0
3307,0.0
3308,0.1
3309,0.13766233766233765
3310,0.0
3311,0.6
3312,0.0
3313,0.0
3314,0.0
3315,0.0
3316,0.13766233766233765
3317,0.0
3318,0.8
3319,0.6666666666666666
3320,0.25
3321,0.0
3322,0.13766233766233765
3323,0.6666666666666666
3324,0.0
3325,0.25
3326,0.0
3327,0.0
3328,0.1
3329,0.13766233766233765
3330,0.13766233766233765
3331,0.0
3332,1.0
3333,0.13766233766233765
3334,0.0
3335,-0.3
3336,0.0
3337,0.8
3338,0.0
3339,0.0
3340,0.0
3341,0.0
3342,0.0
3343,0.13766233766233765
3344,0.0
3345,0.13766233766233765
3346,0.0
3347,-0.029166666666666664
3348,-0.3
3349,0.0
3350,0.0
3351,0.13766233766233765
3352,0.0
3353,0.0
3354,0.13766233766233765
3355,0.0
3356,0.0
3357,0.0
3358,0.0
3359,0.0
3360,0.0
3361,0.0
3362,0.8
3363,0.20000000000000004
3364,0.0
3365,0.0
3366,0.0
3367,0.0
3368,0.0
3369,0.0
3370,0.3
3371,0.13766233766233765
3372,0.13766233766233765
3373,-0.3
3374,0.0
3375,0.4166666666666667
3376,0.4166666666666667
3377,0.6
3378,0.1
3379,0.0
3380,0.25
3381,0.0
3382,0.06818181818181818
3383,0.8
3384,0.13766233766233765
3385,0.13766233766233765
3386,0.0
3387,0.0
3388,0.0
3389,0.0
3390,-0.3
3391,0.1
3392,0.0
3393,0.0
3394,0.0
3395,0.13766233766233765
3396,-0.3
3397,0.13766233766233765
3398,0.0
3399,0.0
3400,0.6
3401,0.0
3402,0.0
3403,0.0
3404,0.1
3405,0.0
3406,-0.3
3407,-0.3
3408,-0.3
3409,0.0
3410,0.7
3411,0.0
3412,0.8
3413,0.0
3414,0.0
3415,-0.375
3416,0.13766233766233765
3417,0.13766233766233765
3418,0.0
3419,0.0
3420,0.0
3421,0.5
3422,0.13766233766233765
3423,0.08
3424,0.13766233766233765
3425,0.0
3426,0.0
3427,0.7666666666666666
3428,0.0
3429,0.0
3430,0.13766233766233765
3431,0.0
3432,0.0
3433,0.0
3434,0.13766233766233765
3435,0.13766233766233765
3436,0.13766233766233765
3437,0.0
3438,0.0
3439,0.13766233766233765
3440,0.6
3441,0.13766233766233765
3442,0.0
3443,0.0
3444,0.6
3445,0.13766233766233765
3446,0.1
3447,0.1
3448,0.20000000000000004
3449,0.13766233766233765
3450,0.0
3451,0.0
3452,0.0
3453,0.0
3454,0.13766233766233765
3455,0.0
3456,0.0
3457,0.0
3458,0.13766233766233765
3459,0.13766233766233765
3460,0.0
3461,-0.06944444444444445
3462,0.0
3463,0.0
3464,-0.16666666666666666
3465,0.45
3466,-0.3
3467,0.45
3468,0.13766233766233765
3469,0.0
3470,0.0
3471,0.0
3472,0.0
3473,0.0
3474,0.0
3475,0.0
3476,0.5
3477,0.0
3478,0.0
3479,0.13766233766233765
3480,0.13766233766233765
3481,1.0
3482,0.0
3483,0.13766233766233765
3484,-0.3
3485,0.0
3486,0.0
3487,-0.375
3488,-0.016666666666666663
3489,0.13766233766233765
3490,0.4666666666666667
3491,0.0
3492,0.1
3493,0.20000000000000004
3494,0.8
3495,0.13766233766233765
3496,-0.2318181818181818
3497,-0.3
3498,0.0
3499,0.0
3500,0.0
3501,0.13766233766233765
3502,0.0
